Network,Node,Degree,BiBC
4,OTU_265011,16,37.048626794391666
7,OTU_259993,20,44.948712785322755
9,OTU_324888,16,38.837409825296874
5,OTU_460611,14,32.93730812273383
8,OTU_134762,16,31.596169873791876
0,OTU_196191,17,32.690428938931355
2,OTU_272758,18,27.491232555891735
1,OTU_331013,14,33.447093188354344
6,OTU_264155,16,35.69943879735678
3,OTU_309916,16,34.315854697131805
